number	name	first	courses
00009	Teaching House Stratford-upon-Avon
00023	University of the Arts London
00050	ILS English
00053	Alpha Business School
00075	Centre for English & World Languages
00100	Merton Adult Education
00111	Defence Centre for Languages and Culture
00114	DC Teacher Training
00115	Kingsway English Centre
00147	Bayswater
00201	LILA Liverpool Ltd
00223	Saxoncourt Teacher Training, Hastings
00231	Cardiff Metropolitan University
00237	Bell International Institute, London
00321	Celtic English Academy
00325	International House Belfast
00389	CES Leeds
00440	BSC London
00446	Coventry University
00665	Bell Bedgebury International School
00776	The University of Sheffield ELTC
00777	Portsmouth Language College
00797	EC London
00886	Swansea University, English Language Training Services
00887	University of Sunderland
00889	Teesside University
00993	Stafford House London
00995	Live Language
10041	Kaplan International English London
10119	Kensington & Chelsea College
10126	Hammersmith Campus
10183	Language Link
10241	Skola Teacher Training
10292	Westminster Kingsway College
10293	Stanton School of English London
10294	International House London
10308	City & Islington College
10418	Hackney Community College
10524	Tower Hamlets College
10662	Greenwich Community College
10744	Lewisham College
10956	Lambeth College
11056	South Thames College
11227	University College London
11230	ELC London, Hampstead School of English
11256	Oxford House College
12349	College of North West London
12530	Southgate College
12631	St Giles International – the St Giles Educational Trust
12642	The College of North East London
12730	Harrow College
12956	Uxbridge College
13134	West Thames College
13206	Newham College of Further Education
13429	Waltham Forest College
14213	Bromley Coll of Further and Higher Education
14362	Continuing Education and Trining Service
14617	Richmond Adult Community College
15201	Central Bedfordshire College
16422	English Language Teaching Centre U of Essex
16430	Colchester English Study Centre
18142	Norwich Inst for Language Education
20111	South and City College Birmingham
20199	The Brasshouse Centre
20748	Solihull college
20921	WEFA Wolverhampton Adult Education Centre
22107	Anglia Ruskin University
22110	Bell International College Cambridge
22115	Cambridge Regional College
22118	Studio Cambridge
22128	Embassy English Cambridge
24605	University of Worcester Language Centre
25288	South Leicestershire College
28234	New College Nottingham
28343	Nottingham Trent University
30480	Stoke-On-Trent College
31135	Warwickshire College
32129	Bolton Community College
32368	BSC Manchester
33302	Manchester Central School of English
33753	Wigan & Leigh College
34301	City of Liverpool Community College
34400	University of Liverpool
34743	Wirral Metropolitan College
37430	Dewsbury College
39215	Newcastle College
39216	International House, Newcastle Upon Tyne
40307	West Cheshire College
43430	University of Durham
47107	Blackburn College
48356	BSC York
48357	York College
50507	City of Bristol College
50544	The University of Bristol
50610	International House Bristol
50703	City of Bath College
50724	University of Bath
51333	Reading College & School of Art & Design
51351	Reading Open Centre
52101	Aylesbury College
52201	Amersham and wycombe College of Further Education
52331	English Language House
54221	Exeter College
55101	Anglo-Continental School of English
55167	ITTC Europe Ltd
56106	St Giles College
56108	The Intensive School of English
56355	Sussex Downs College
56369	DC Teacher Training – Eastbourne
56811	LTC: Language Teaching Centre
57332	Celtenham International Language Centre
57339	Gloucestershire College – Cheltenham Campus
58315	Farnborough College of Technology
58515	Highbury College, Portsmouth
61404	Canterbury Christ Church University
61683	West Kent College
61852	Concorde International Study Centre
62102	BSC Oxford
62331	Oxford and Cherwell Valley College
62347	St Clare's Oxford
64810	Brooklands College
65409	Chichester College
65596	Brighton Embassy CES
66528	New College Swindon
68745	Cardiff College International
69222	BSC Edinburgh
69744	Basil Paterson College
69815	CES Edinburgh
69842	Stevenson College Edinburgh
70205	Anniesland College of Further Education
70246	Glasgow Clyde College
70283	University of Glasgow
70526	Dundee and Angus College
71222	Belfast Metropolitan College
71868	Foyle International
84107	Saxoncourt Teacher Training, Central
84210	LAL Torbay
84232	The Oxford English Centre
86500	York St John University
90009	Alpha Omega College
99699	University Of Leicester Cambridge Exam Centre
AE001	British Council, Dubai
AE098	Polyskills Institute – International House Dubai
AE109	University of Wollongong
AE110	British Council, Abu Dhabi
AE113	CERT– Cambridge ESOL Examinations Center
AE114	Higher Colleges of Technology – Al Ain
AE139	ES Dubai
AE142	Sharjah Men's College
AE219	Zayed University
AE258	Higher Colleges of Technology – Madinat Zayed
AE303	English World, Ras Al Khaimah
AE600	British Council, Sharjah
AE901	Eton Institute
AL002	English Cultural Institute
AM111	ESOL Armenia
AR629	International House Buenos Aires
AT008	BERUFSFÖRDERUNGSINSTITUT WIEN
AU004	La Trobe University
AU014	South Australian College of English
AU016	RMIT English Worldwide
AU018	Insearch UTS (University of Teachnology Sydney)
AU019	Holmesglen Language Centre
AU022	University of Tasmania
AU025	Australian TESOL Training Centre – Sydney
AU035	Milner International College of English
AU040	Holmes Institute Teacher Training Centre
AU042	Pheonix English Language Academy
AU055	Kaplan Aspect Cairns (formerly IH Queensland)
AU057	International House, Sydney
AU062	Curtin University
AU090	Australian TESOL Training Centre – Brisbane
AU105	Institute of Continuing & TESOL Education (ICTE–UQ)
AU114	Monash University English Language Centre
AU223	Lexis TESOL Training Centres Byron Bay
AU350	Melbourne Training International
AU411	Lexis TESOL Training Centres (LTTC)
AU415	LTTC Brisbane
AU416	Lexis TESOL Training Centres Perth
AU571	English Language School of Australia
AU701	University of Adelaide's English Language Centre
AU801	SACE: Tasmanian College of English
AZ001	ADA University
AZ050	International House Baku
BD001	The British Council, Dhaka
BE220	Language Teacher Training in Belgium
BG005	AVO Language & Examination Centre
BH001	British Council, Bahrain
BH050	Thimar Teacher Training Centre
BN091	CfBT Education Services
BR001	Cultura Inglesa – Belo Horizonte
BR005	Cultura Inglesa – Joao Pessoa
BR008	Cultura Inglesa Rio de Janeiro (SBCI S.A)
BR016	Cultura Inglesa – Bahia
BR033	Alliance
BR048	SBCI Sao Paulo
BR056	Cultura Inglesa – Belem
BR062	UP Language Consultants
BR070	Cultura Inglesa – Natal
BR119	Cultura Inglesa – Recife
BR134	Academy by SEVEN
BR145	Britannia International English
BR641	Target Language Services
BR650	International House, Sao Paulo
BU001	British Council Yangon
BY002	International House, Minsk
CA008	EC International College
CA030	International Language Institute
CA037	Global Village, Vancouver
CA038	Global Village, Calgary
CA059	Greystone College, Toronto
CA132	ILSC Education Group
CA150	Sol Group of Career Colleges-Toronto
CA300	International House Career College Vancouver
CA355	St Mary's University ELC
CA550	Greystone College, Vancouver
CA810	Sheridan College
CH010	Cambridge ESOL St. Gallen
CH030	Zurich Flying Teachers GmbH
CH031	Academia Sprach – und Lernzentrum Basel
CH050	SL&C
CH079	TLC International House Zurich-Baden
CH230	The Bell Language School, Switzerland
CL123	Instituto Chileno Britanico de Cultura
CN275	GENERAL PLAN INSTITUTE OF EDUCATION
CN387	Meten International Education
CN800	Language Link Beijing
CN800a	FBC Language Link Guangzhou
CN802	Sydney Institute of Language & Commerce (SILC)
CN836	Education First, Beijing
CN865	International House Beijing
CO001	British Council, Bogota
CO030	International House Bogota
CR001	BritEd, San José
CY200	Sheridan Private Institute
CZ003	Akcent International House Prague
CZ015	Hello Language Centre
CZ025	Masaryk University – Brno
CZ035	AKCENT IH Prague – Hello Language Centre
CZ045	International House Bratislava
CZ050	European Language Examination Centre
CZ066	Oxford TEFL Prague
CZ069	AKCENT IH Prague – Off Site at ILC International House Brno
DE195	Münchner Volkshochschule (GmbH)
DE206	Berlin School of English
DE634	Hamburg School of English
DE820	International House Frankfurt
DZ010	Alligan Algerie Eurl
EA025	International teacher training CELTA & Delta M1 Belgrade
EC002	EF School of English – Quito
EC007	BSL/IH Quito CELTA Ecuador/IH Montanita
EC014	CELTA Galapagos
EG001	British Council, Cairo
EG069	Britishey Training Centre
EG103	IH Cairo (Reach Out Academy)
EG210	Future University In Egypt
EG211	Pharos University In Alexandria
EG230	AASTMT
EG501	Nahdet Misr Publishing House
ES029	El Centro Británico – Santiago de Compostela
ES066	Oxford TEFL Barcelona
ES068	C L I C International House, Seville
ES089	Expert English Exams
ES325	International House Barcelona SL
ES330	International House Madrid
ES331	Campbell College Teacher Training Centre
ES364	British Language Centre
ES365	Chester School of English
ES372	International House Palma De Mallorca
ES389	Institute Of Modern Languages
ES391	T.E.N. Centro de Idiomas
ES409	London School of Languages
ES439	Exams-Catalunya (Lewis School)
ES455	Instituto de Idiomas
ES467	Cambridge School Granollers
ES700	Hyland Language Centre
ES750	Lenguas Vivas
ES808	The Irish Academy
ES860	International House Santander
ET001	British Council Addis Ababa
FR023	The ELT Hub, France
FR095	Transfer
FR197	British Council Lyon
FR550	International Language Centre (France) S.A.
FR585	British Council, Paris
GE003	International House Tbilisi
GE007	Education & Training International Ltd, Georgia
GE007b	Education & Training International Ltd, Georgia
GR004	ACE TEFL
GR005	British Council, Athens
GR091	Applied Language Studies House
GR092	ALS House
GR102	Study Space
GR108	CELT Athens
HU050	International House, Budapest
ID015b	Study Bali International
ID166	Unisadhuguna Testing Centre (UTC)
IE002	University College Cork
IE065	International House Dublin
IE069	CES Dublin
IE120	The English Academy
IE233	International House Galway
IE250	Kaplan International College Dublin
IE300	ACET
IL023	CCI English
IN001	British Council, Chennai
IN002	British Council, Kolkata
IN100	British Council, Mumbai
IN120	British Council, New Delhi
IN145	Planet EDU ExtraExams
IN154	British Council Exams & English Services India
IT010	The British Council, Milan
IT012	The British Council, Naples
IT014	International House Language Centre Palermo
IT020	The Cambridge School of English
IT021	Cagliari, Anglo-American Centre
IT056	Salerno, The Cambridge School
IT060	International House Milan
IT071	Globally Speaking
IT137	The London School
IT207	Giga International House Catania
IT240	International House – Accademia Britannica
IT282	The British School of Naples
IT297	International House British School Reggio Calabria
IT424	L'Albero di Antonia Language Centre
JO001	British Council, Jordan
JO144	International House Amman
JP002	Lexis TESOL Training Centres Japan
JP007	Language Resources
KH002	Australian Centre for Education
KR001	The British Council, Seoul
KR023	Lexis TESOL Training Centres Korea
KR025	International Graduate School of English IGSE
KW001	British Council, Kuwait
KZ007	Interpress International House Almaty
KZ012	Study INN Qazaqstan
KZ015	Language Link – Atyrau
LB002	IH Beirut – American Lebanese Language Centre
LK001	British Council, Colombo
LT120	Soros International House
LV001	International House Riga
LY002	British Council, Libya
MA006	British Council, Casablanca
MA150	English for Africa
MD002	Alliance Francaise de Moldavie
MK009	IBU CELTA CENTRE
MT002	NSTS English Language Institute
MT029	IELS Malta
MU861	British Council, Mauritius
MX005	The Anglo Mexican Foundation
MX026	International House Mexico
MX026b	International House Mexico
MX095	International House, Cuernavaca
MX226	International House Guadalajara
MX500	The Learning and Teaching Studio
MX800	International House Riviera Maya
MY001	The British Council Language Centre
MY063	GPEX Central Sdn Bhd
MY244	Malayan English Academy
NL011	British Language Training Centre
NL072	Masterclass Academy of Languages BV
NL102	The British School in the Netherlands
NP004	British Council Teaching Centre Nepal
NZ006	Languages International
NZ009	The Campbell Institute
NZ010	Ara Institute of Canterbury
NZ012	Rotorua English Language Academy RELA
NZ015	UNITEC School of Languages and Applied Linguistics
NZ018	University of Auckland
NZ022	University of Waikato Language Institute
NZ024	Auckland Language Centre
NZ031	Christchurch College of English
NZ168	AUT International House
NZ204	Southern Lakes English College
OM001	British Council, Oman
OM010	International House, Muscat
OM025	Caledonian College of Engineering
OM039	Centre for British Teachers Education Services
OM200	Sohar University
OO001	International House Bangkok
OO002	International House Bangkok, Chiang Mai
OO003	British International School, Phuket
PE009	International House, Lima
PH201	LTTC Idea Academia
PK585	Institute of Career Development
PL001	British Council, Krakow
PL002	British Council, Warsaw
PL017	International House Wroclaw
PL022	ELS-Bell (Warsaw)
PL078	International House, Integra Katowice
PL090	LANG LTC Warsaw
PL163	Bell Krakow
PT003	Knightsbridge Examination & Training Centre
PT073	International House Lisbon
QA001	British Council, Qatar
QA099	International House Doha
RO012	International House Bucharest
RO055	Shakespeare Training SRL
RU006	BKC– Education without limits
RU024	LT-Pro, St Petersburg
RU053	Language Link Rostov-on-Don
RU082	Ural Federal University Centre of Language Excellence (UCLEX)
RU177	LE Education & Training
RU301	MyEnglishSchool
RU800	Higher School of Linguistics
RW001	British Council, Rwanda
SA051	Dar Al-Hekma University
SA100	British Council, Jeddah
SA102	British Council, Riyadh
SD001	British Council, Sudan
SG005	British Council, Singapore
SG062	CA International College Pte Ltd
SI007	Mint International House Ljubljana
TH020	ECC Bangkok
TH200	ECC Phuket
TH550	Stamford International University
TH600	ECC Chiang Mai
TN001	British Council, Tunis
TR007	Mevlana University
TR013	International House, Izmir
TR017	Eastern Mediterranean University
TR023	Bilkent University
TR036	Mentora College Teacher Training Centre
TR054	International Training Institute
TR057	SELT Academy
TR067	British Side English Language School
TR073	International House Istanbul
TR076	Izmir University of Economics
TR175	MEF University
TR250	IMA (International Mediterranean Academy)
TR255	Anatolia Training Institute
TR405	Anadolu University School of Foreign Languages
UA001	British Council, Kiev
UA007	Grade Education Centre
UA010	Cambridge English Centre Boiko School
UA015	London School of English in Ukraine
UA029	Language Centre Polyglot
UA031	IH Kyiv (International House Kyiv)
UA080	Sevastopol Exam Centre
UA800	International Language Centre
US004	St Giles, San Francisco
US028	Teaching House, Boston
US029	Sol Schools International
US047	St Giles International NYC
US048	various
US099	Intercultural Communications College
US244	Teaching House, New York
US500	International House San Diego
US508	ELS Seattle
US644	Teaching House Washington DC
US645	Teaching House Chicago
US646	Teaching House Atlanta @ Alliance Francaise Atlanta
US647	Teaching House Philadelphia @ Lincoln Tech
US648	Teaching House Phoenix @ Business & Workforce Dev. Center
US650	Teaching House, Los Angeles
US655	University of Texas
US725	University of Hawaii English Language Program
US775	Teaching House Brooklyn @ Berkeley College
US800	Lone Star College – CyFair
UX004	Teaching House Portland @ Pacific Northwestern College of Art
UX005	Teaching House Salt Lake City @ US Ling Institute
UX006	Teaching House San Francisco @ Brandon College
UX051	Teaching House Houston @ BEI
UX136	Teaching House Detroit @ University of Detroit Mercy
UX150	Missouri State University CELTA Center
UX598	Teaching House Denver
UX809	Stafford House Boston
UZ004	EDU-ACTION
UZ017	LinguaPro
VE001	British Council, Caracas
VN019	Apollo Education and Training International House Hanoi
VN051	Language Link, Vietnam
VN070	Ho Chi Minh City Dept. of Education and Training
VN087	Apollo Education & Training, International House Ho Chi Minh City
VN130	ILA Vietnam
ZA054	International House, Johannesburg
ZA166	International House Cape Town
ZA246	Durban Language Centre
ZA400	Good Hope Studies, Cape Town
